TotalSteps,Calories,SedentaryMinutes,TotalDistance,TrackerDistance,LoggedActivitiesDistance,VeryActiveDistance,ModeratelyActiveDistance,LightActiveDistance,SedentaryActiveDistance,VeryActiveMinutes,FairlyActiveMinutes,LightlyActiveMinutes
13162,1985,728,8.5,8.5,0,1.879999995,0.550000012,6.059999943,0,25,13,328
10735,1797,776,6.96999979,6.96999979,0,1.570000052,0.689999998,4.710000038,0,21,19,217
10460,1776,1218,6.739999771,6.739999771,0,2.440000057,0.400000006,3.910000086,0,30,11,181
9762,1745,726,6.28000021,6.28000021,0,2.140000105,1.25999999,2.829999924,0,29,34,209
12669,1863,773,8.159999847,8.159999847,0,2.710000038,0.409999996,5.039999962,0,36,10,221
9705,1728,539,6.480000019,6.480000019,0,3.190000057,0.779999971,2.50999999,0,38,20,164
13019,1921,1149,8.590000153,8.590000153,0,3.25,0.639999986,4.710000038,0,42,16,233
15506,2035,775,9.880000114,9.880000114,0,3.529999971,1.320000052,5.03000021,0,50,31,264
10544,1786,818,6.679999828,6.679999828,0,1.960000038,0.479999989,4.239999771,0,28,12,205
9819,1775,838,6.340000153,6.340000153,0,1.340000033,0.349999994,4.650000095,0,19,8,211
12764,1827,1217,8.130000114,8.130000114,0,4.760000229,1.120000005,2.24000001,0,66,27,130
14371,1949,732,9.039999962,9.039999962,0,2.809999943,0.870000005,5.360000134,0,41,21,262
10039,1788,709,6.409999847,6.409999847,0,2.920000076,0.209999993,3.279999971,0,39,5,238
15355,2013,814,9.800000191,9.800000191,0,5.289999962,0.569999993,3.940000057,0,73,14,216
13755,1970,833,8.789999962,8.789999962,0,2.329999924,0.920000017,5.539999962,0,31,23,279
18134,2159,1108,12.21000004,12.21000004,0,6.400000095,0.409999996,5.409999847,0,78,11,243
13154,1898,782,8.529999733,8.529999733,0,3.539999962,1.159999967,3.789999962,0,48,28,189
11181,1837,815,7.150000095,7.150000095,0,1.059999943,0.5,5.579999924,0,16,12,243
14673,1947,712,9.25,9.25,0,3.559999943,1.419999957,4.269999981,0,52,34,217
10602,1820,730,6.809999943,6.809999943,0,2.289999962,1.600000024,2.920000076,0,33,35,246
14727,2004,798,9.710000038,9.710000038,0,3.210000038,0.569999993,5.920000076,0,41,15,277
15103,1990,816,9.659999847,9.659999847,0,3.730000019,1.049999952,4.880000114,0,50,24,254
11100,1819,1179,7.150000095,7.150000095,0,2.460000038,0.870000005,3.819999933,0,36,22,203
14070,1959,857,8.899999619,8.899999619,0,2.920000076,1.080000043,4.880000114,0,45,24,250
12159,1896,754,8.029999733,8.029999733,0,1.970000029,0.25,5.809999943,0,24,6,289
11992,1821,833,7.710000038,7.710000038,0,2.460000038,2.119999886,3.130000114,0,37,46,175
10060,1740,574,6.579999924,6.579999924,0,3.529999971,0.319999993,2.730000019,0,44,8,203
12022,1819,835,7.71999979,7.71999979,0,3.450000048,0.529999971,3.74000001,0,46,11,206
12207,1859,746,7.769999981,7.769999981,0,3.349999905,1.159999967,3.25999999,0,46,31,214
12770,1783,669,8.130000114,8.130000114,0,2.559999943,1.00999999,4.550000191,0,36,23,251
0,0,1440,0,0,0,0,0,0,0,0,0,0
8163,1432,1294,5.309999943,5.309999943,0,0,0,5.309999943,0,0,0,146
7007,1411,1292,4.550000191,4.550000191,0,0,0,4.550000191,0,0,0,148
9107,1572,1204,5.920000076,5.920000076,0,0,0,5.909999847,0.01,0,0,236
1510,1344,1344,0.980000019,0.980000019,0,0,0,0.970000029,0,0,0,96
5370,1463,1264,3.49000001,3.49000001,0,0,0,3.49000001,0,0,0,176
6175,1554,1276,4.059999943,4.059999943,0,1.029999971,1.519999981,1.49000001,0.01,15,22,127
10536,1604,1214,7.409999847,7.409999847,0,2.150000095,0.620000005,4.619999886,0.01,17,7,202
2916,1435,1299,1.899999976,1.899999976,0,0,0,1.899999976,0,0,0,141
4974,1446,1289,3.230000019,3.230000019,0,0,0,3.230000019,0,0,0,151
6349,1467,1254,4.130000114,4.130000114,0,0,0,4.110000134,0.02,0,0,186
4026,1470,1241,2.619999886,2.619999886,0,0,0,2.599999905,0,0,0,199
8538,1562,1213,5.550000191,5.550000191,0,0,0,5.539999962,0.01,0,0,227
6076,1617,1221,3.950000048,3.950000048,0,1.149999976,0.910000026,1.889999986,0,16,18,185
6497,1492,1238,4.21999979,4.21999979,0,0,0,4.199999809,0.02,0,0,202
2826,1402,1300,1.840000033,1.840000033,0,0,0,1.830000043,0.01,0,0,140
8367,1670,1233,5.440000057,5.440000057,0,1.110000014,1.870000005,2.460000038,0,17,36,154
2759,1401,1320,1.789999962,1.789999962,0,0,0.200000003,1.600000024,0,0,5,115
2390,1404,1290,1.549999952,1.549999952,0,0,0,1.549999952,0,0,0,150
6474,1655,1182,4.300000191,4.300000191,0,0.899999976,1.279999971,2.119999886,0.01,11,23,224
36019,2690,1020,28.03000069,28.03000069,0,21.92000008,4.190000057,1.909999967,0.02,186,63,171
7155,1497,1261,4.929999828,4.929999828,0,0.860000014,0.589999974,3.470000029,0,7,6,166
2100,1334,1344,1.370000005,1.370000005,0,0,0,1.340000033,0.02,0,0,96
2193,1368,1322,1.429999948,1.429999948,0,0,0,1.419999957,0,0,0,118
2470,1370,1323,1.610000014,1.610000014,0,0,0,1.580000043,0.02,0,0,117
1727,1341,1338,1.120000005,1.120000005,0,0,0,1.120000005,0.01,0,0,102
2104,1474,1258,1.370000005,1.370000005,0,0,0,1.370000005,0,0,0,182
3427,1427,1288,2.230000019,2.230000019,0,0,0,2.220000029,0,0,0,152
1732,1328,1349,1.129999995,1.129999995,0,0,0,1.129999995,0,0,0,91
2969,1393,1301,1.929999948,1.929999948,0,0,0,1.919999957,0.01,0,0,139
3134,1359,1328,2.039999962,2.039999962,0,0,0,2.039999962,0,0,0,112
2971,1002,890,1.929999948,1.929999948,0,0,0,1.919999957,0.01,0,0,107
10694,3199,1131,7.769999981,7.769999981,0,0.140000001,2.299999952,5.329999924,0,2,51,256
8001,2902,1259,5.820000172,5.820000172,0,2.279999971,0.899999976,2.640000105,0,30,16,135
11037,3226,1125,8.020000458,8.020000458,0,0.360000014,2.559999943,5.099999905,0,5,58,252
5263,2750,1263,3.829999924,3.829999924,0,0.219999999,0.150000006,3.450000048,0,3,4,170
15300,3493,1135,11.11999989,11.11999989,0,4.099999905,1.879999995,5.090000153,0,51,42,212
8757,3011,1212,6.369999886,6.369999886,0,2.25,0.569999993,3.549999952,0,29,13,186
7132,2806,1271,5.190000057,5.190000057,0,1.070000052,1.669999957,2.450000048,0,15,33,121
11256,3300,1099,8.180000305,8.180000305,0,0.360000014,2.529999971,5.300000191,0,5,58,278
2436,2430,1315,1.769999981,1.769999981,0,0,0,1.75999999,0.01,0,0,125
1223,2140,1402,0.889999986,0.889999986,0,0,0,0.879999995,0.01,0,0,38
3673,2344,1354,2.670000076,2.670000076,0,0,0,2.660000086,0.01,0,0,86
6637,2677,1265,4.829999924,4.829999924,0,0,0.579999983,4.25,0,0,15,160
3321,2413,1351,2.410000086,2.410000086,0,0,0,2.410000086,0,0,0,89
3580,2497,1337,2.599999905,2.599999905,0,0.589999974,0.059999999,1.950000048,0,8,1,94
9919,3123,1165,7.210000038,7.210000038,0,0.800000012,1.720000029,4.690000057,0,11,41,223
3032,2489,1322,2.200000048,2.200000048,0,0,0,2.200000048,0,0,0,118
9405,3108,1157,6.840000153,6.840000153,0,0.200000003,2.319999933,4.309999943,0,3,53,227
3176,2498,1193,2.309999943,2.309999943,0,0,0,2.309999943,0,0,0,120
18213,3846,816,13.23999977,13.23999977,0,0.629999995,3.140000105,9.460000038,0,9,71,402
6132,2696,908,4.460000038,4.460000038,0,0.239999995,0.99000001,3.230000019,0,3,24,146
3758,2580,682,2.730000019,2.730000019,0,0.07,0.310000002,2.349999905,0,1,7,148
12850,3324,1115,9.340000153,9.340000153,0,0.720000029,4.090000153,4.539999962,0,10,94,221
2309,2222,1388,1.679999948,1.679999948,0,0,0,1.659999967,0.02,0,0,52
4363,2463,1341,3.190000057,3.190000057,0,0.519999981,0.540000021,2.130000114,0.01,6,12,81
9787,3328,1054,7.119999886,7.119999886,0,0.819999993,0.270000011,6.010000229,0.02,11,6,369
13372,3404,1139,9.720000267,9.720000267,0,3.25999999,0.790000021,5.670000076,0.01,41,17,243
6724,2987,991,4.889999866,4.889999866,0,0,0,4.880000114,0,0,0,295
6643,3008,1099,4.829999924,4.829999924,0,2.390000105,0.349999994,2.089999914,0.01,32,6,303
9167,2799,1254,6.659999847,6.659999847,0,0.879999995,0.810000002,4.96999979,0.01,12,19,155
1329,1276,713,0.970000029,0.970000029,0,0,0,0.949999988,0.01,0,0,49
6697,2030,1101,4.429999828,4.429999828,0,0,0,4.429999828,0,0,0,339
4929,1860,1192,3.25999999,3.25999999,0,0,0,3.25999999,0,0,0,248
7937,2130,843,5.25,5.25,0,0,0,5.230000019,0,0,0,373
3844,1725,527,2.539999962,2.539999962,0,0,0,2.539999962,0,0,0,176
3414,1657,1293,2.25999999,2.25999999,0,0,0,2.25999999,0,0,0,147
4525,1793,1231,2.99000001,2.99000001,0,0.140000001,0.25999999,2.589999914,0,2,8,199
4597,1814,1211,3.039999962,3.039999962,0,0,0.479999989,2.559999943,0,0,12,217
197,1366,1430,0.129999995,0.129999995,0,0,0,0.129999995,0,0,0,10
8,1349,1439,0.01,0.01,0,0,0,0.01,0,0,0,1
8054,2062,1117,5.320000172,5.320000172,0,0.119999997,0.519999981,4.679999828,0,2,13,308
5372,1827,1220,3.549999952,3.549999952,0,0,0,3.549999952,0,0,0,220
3570,1645,1301,2.359999895,2.359999895,0,0,0,2.359999895,0,0,0,139
0,1347,1440,0,0,0,0,0,0,0,0,0,0
0,1347,1440,0,0,0,0,0,0,0,0,0,0
0,1347,1440,0,0,0,0,0,0,0,0,0,0
4,1348,1439,0,0,0,0,0,0,0,0,0,1
6907,1992,1138,4.570000172,4.570000172,0,0,0,4.559999943,0,0,0,302
4920,1856,1082,3.25,3.25,0,0,0,3.25,0,0,0,247
4014,1763,218,2.670000076,2.670000076,0,0,0,2.650000095,0,0,0,184
2573,1541,585,1.700000048,1.700000048,0,0,0.25999999,1.450000048,0,0,7,75
0,1348,1440,0,0,0,0,0,0,0,0,0,0
4059,1742,1256,2.680000067,2.680000067,0,0,0,2.680000067,0,0,0,184
2080,1549,1353,1.370000005,1.370000005,0,0,0,1.370000005,0,0,0,87
2237,1589,1320,1.480000019,1.480000019,0,0,0,1.480000019,0,0,0,120
44,1351,1438,0.029999999,0.029999999,0,0,0,0.029999999,0,0,0,2
0,1347,1440,0,0,0,0,0,0,0,0,0,0
0,1347,1440,0,0,0,0,0,0,0,0,0,0
0,1347,1440,0,0,0,0,0,0,0,0,0,0
0,1347,1440,0,0,0,0,0,0,0,0,0,0
0,1347,1440,0,0,0,0,0,0,0,0,0,0
0,665,711,0,0,0,0,0,0,0,0,0,0
678,2220,734,0.469999999,0.469999999,0,0,0,0.469999999,0,0,0,55
356,2151,986,0.25,0.25,0,0,0,0.25,0,0,0,32
2163,2383,1292,1.5,1.5,0,0,0.400000006,1.100000024,0,0,9,88
980,2221,941,0.680000007,0.680000007,0,0,0,0.680000007,0,0,0,51
0,2064,1440,0,0,0,0,0,0,0,0,0,0
0,2063,1440,0,0,0,0,0,0,0,0,0,0
244,2111,1423,0.170000002,0.170000002,0,0,0,0.170000002,0,0,0,17
0,2063,1440,0,0,0,0,0,0,0,0,0,0
0,2063,1440,0,0,0,0,0,0,0,0,0,0
0,2064,1440,0,0,0,0,0,0,0,0,0,0
149,2093,1430,0.100000001,0.100000001,0,0,0,0.100000001,0,0,0,10
2945,2499,1295,2.039999962,2.039999962,0,0,0,2.039999962,0,0,0,145
2090,2324,1358,1.450000048,1.450000048,0,0.07,0.239999995,1.139999986,0,1,6,75
152,2100,1303,0.109999999,0.109999999,0,0,0,0.109999999,0,0,0,12
3761,2638,1058,2.599999905,2.599999905,0,0,0,2.599999905,0,0,0,192
0,2063,1440,0,0,0,0,0,0,0,0,0,0
1675,2351,1167,1.159999967,1.159999967,0,0,0,1.159999967,0,0,0,95
0,2063,1440,0,0,0,0,0,0,0,0,0,0
0,2064,1440,0,0,0,0,0,0,0,0,0,0
2704,2411,1355,1.870000005,1.870000005,0,1.00999999,0.029999999,0.829999983,0,14,1,70
3790,2505,1322,2.619999886,2.619999886,0,1.159999967,0.300000012,1.159999967,0,16,8,94
1326,2195,1413,0.920000017,0.920000017,0,0.730000019,0,0.180000007,0,10,0,17
1786,2338,1353,1.24000001,1.24000001,0,0,0,1.24000001,0,0,0,87
0,2063,1440,0,0,0,0,0,0,0,0,0,0
2091,2383,1332,1.450000048,1.450000048,0,0,0,1.450000048,0,0,0,108
1510,2229,1392,1.039999962,1.039999962,0,0,0,1.039999962,0,0,0,48
0,2063,1440,0,0,0,0,0,0,0,0,0,0
0,2063,1440,0,0,0,0,0,0,0,0,0,0
0,2063,1440,0,0,0,0,0,0,0,0,0,0
0,2063,1440,0,0,0,0,0,0,0,0,0,0
0,1383,966,0,0,0,0,0,0,0,0,0,0
11875,2390,1157,8.340000153,8.340000153,0,3.309999943,0.769999981,4.260000229,0,42,14,227
12024,2601,1100,8.5,8.5,0,2.99000001,0.100000001,5.409999847,0,43,5,292
10690,2312,1148,7.5,7.5,0,2.480000019,0.209999993,4.820000172,0,32,3,257
11034,2525,1122,8.029999733,8.029999733,0,1.940000057,0.310000002,5.78000021,0,27,9,282
10100,2177,1237,7.090000153,7.090000153,0,3.150000095,0.550000012,3.390000105,0,41,11,151
15112,2782,1052,11.39999962,11.39999962,0,3.869999886,0.660000026,6.880000114,0,28,29,331
14131,2770,1078,10.06999969,10.06999969,0,3.640000105,0.119999997,6.300000191,0,48,3,311
11548,2489,1152,8.529999733,8.529999733,0,3.289999962,0.239999995,5,0,31,7,250
15112,2897,1053,10.67000008,10.67000008,0,3.339999914,1.929999948,5.400000095,0,48,63,276
12453,3158,1028,8.739999771,8.739999771,0,3.329999924,1.110000014,4.309999943,0,104,53,255
12954,2638,1105,9.329999924,9.329999924,0,4.429999828,0.419999987,4.46999979,0,52,10,273
6001,2069,1191,4.210000038,4.210000038,0,0,0,4.210000038,0,0,0,249
13481,2529,1161,10.27999973,10.27999973,0,4.550000191,1.149999976,4.579999924,0,37,26,216
11369,2470,1171,8.010000229,8.010000229,0,3.329999924,0.219999999,4.460000038,0,44,8,217
10119,2793,1086,7.190000057,7.190000057,0,1.429999948,0.660000026,5.110000134,0,55,24,275
10159,2463,1119,7.130000114,7.130000114,0,1.039999962,0.970000029,5.119999886,0,19,20,282
10140,2296,1123,7.119999886,7.119999886,0,0.409999996,1.330000043,5.389999866,0,6,20,291
10245,2611,1098,7.190000057,7.190000057,0,0.479999989,1.210000038,5.5,0,21,40,281
18387,2732,1043,12.90999985,12.90999985,0,0.939999998,1.399999976,10.56999969,0,13,23,361
10538,2380,1142,7.400000095,7.400000095,0,1.940000057,0.959999979,4.5,0,25,28,245
10379,2473,1119,7.289999962,7.289999962,0,2.609999895,0.340000004,4.329999924,0,36,8,277
12183,2752,1104,8.739999771,8.739999771,0,3.99000001,0.460000008,4.28000021,0,72,14,250
11768,2649,1105,8.289999962,8.289999962,0,2.50999999,0.930000007,4.849999905,0,36,27,272
11895,2609,1112,8.350000381,8.350000381,0,2.789999962,0.860000014,4.699999809,0,55,20,253
10227,2498,1104,7.179999828,7.179999828,0,1.870000005,0.670000017,4.639999866,0,24,17,295
6708,1995,1269,4.710000038,4.710000038,0,1.610000014,0.079999998,3.019999981,0,20,2,149
3292,1848,1305,2.309999943,2.309999943,0,0,0,2.309999943,0,0,0,135
13379,2709,1061,9.390000343,9.390000343,0,2.119999886,1.629999995,5.639999866,0,35,47,297
12798,2797,1084,8.979999542,8.979999542,0,2.220000029,1.210000038,5.559999943,0,57,28,271
13272,2544,1133,9.319999695,9.319999695,0,4.179999828,1.149999976,3.99000001,0,58,25,224
9117,1853,728,6.409999847,6.409999847,0,1.279999971,0.670000017,4.440000057,0,16,16,236
4414,1459,706,2.74000001,2.74000001,0,0.189999998,0.349999994,2.200000048,0,3,8,181
4993,1521,663,3.099999905,3.099999905,0,0,0,3.099999905,0,0,0,238
3335,1431,653,2.069999933,2.069999933,0,0,0,2.049999952,0,0,0,197
3821,1444,687,2.369999886,2.369999886,0,0,0,2.369999886,0,0,0,188
2547,1373,728,1.580000043,1.580000043,0,0,0,1.580000043,0,0,0,150
838,1214,1053,0.519999981,0.519999981,0,0,0,0.519999981,0,0,0,60
3325,1419,1062,2.059999943,2.059999943,0,0,0,2.059999943,0,0,0,182
2424,1356,785,1.5,1.5,0,0,0,1.5,0,0,0,141
7222,1667,623,4.480000019,4.480000019,0,0,0,4.480000019,0,0,0,327
2467,1370,749,1.529999971,1.529999971,0,0,0,1.529999971,0,0,0,153
2915,1399,712,1.809999943,1.809999943,0,0,0,1.809999943,0,0,0,162
12357,1916,458,7.710000038,7.710000038,0,0,0,7.710000038,0,0,0,432
3490,1401,704,2.160000086,2.160000086,0,0,0,2.160000086,0,0,0,164
6017,1576,821,3.730000019,3.730000019,0,0,0,3.730000019,0,0,0,260
5933,1595,1018,3.680000067,3.680000067,0,0,0,3.680000067,0,0,0,288
6088,1593,586,3.769999981,3.769999981,0,0,0,3.769999981,0,0,0,286
6375,1649,626,3.950000048,3.950000048,0,0,0,3.950000048,0,0,0,331
7604,1692,492,4.710000038,4.710000038,0,0,0,4.710000038,0,0,0,352
4729,1506,594,2.930000067,2.930000067,0,0,0,2.930000067,0,0,0,233
3609,1447,716,2.279999971,2.279999971,0,0,0,2.279999971,0,0,0,191
7018,1690,716,4.349999905,4.349999905,0,0,0,4.349999905,0,0,0,355
5992,1604,981,3.720000029,3.720000029,0,0,0,3.720000029,0,0,0,304
6564,1658,530,4.070000172,4.070000172,0,0,0,4.070000172,0,0,0,345
12167,1926,479,7.539999962,7.539999962,0,0,0,7.539999962,0,0,0,475
8198,1736,511,5.079999924,5.079999924,0,0,0,5.079999924,0,0,0,383
4193,1491,665,2.599999905,2.599999905,0,0,0,2.599999905,0,0,0,229
5528,1555,610,3.450000048,3.450000048,0,0,0,3.450000048,0,0,0,258
10685,1869,543,6.619999886,6.619999886,0,0,0,6.599999905,0,0,0,401
254,1141,1002,0.159999996,0.159999996,0,0,0,0.159999996,0,0,0,17
8580,1698,569,5.320000172,5.320000172,0,0,0,5.320000172,0,0,0,330
8891,1364,330,5.510000229,5.510000229,0,0,0,5.510000229,0,0,0,343
10725,2124,1112,7.489999771,7.489999771,0,1.169999957,0.310000002,6.010000229,0,13,9,306
7275,2003,1105,4.900000095,4.900000095,0,0,0,4.900000095,0,0,0,335
3973,1696,1249,2.680000067,2.680000067,0,0,0,2.680000067,0,0,0,191
5205,1801,1195,3.50999999,3.50999999,0,0,0,3.50999999,0,0,0,245
5057,1724,1245,3.410000086,3.410000086,0,0,0,3.400000095,0,0,0,195
6198,1852,1191,4.179999828,4.179999828,0,0,0,4.179999828,0,0,0,249
6559,1905,1173,4.420000076,4.420000076,0,0,0.25999999,4.139999866,0,0,7,260
5997,1811,1201,4.039999962,4.039999962,0,0,0.379999995,3.660000086,0,0,11,228
7192,1922,1146,4.849999905,4.849999905,0,0,0.49000001,4.340000153,0,0,11,283
3404,1610,1302,2.289999962,2.289999962,0,0.059999999,0.419999987,1.809999943,0,1,10,127
5583,1851,1174,3.75999999,3.75999999,0,0,0,3.75999999,0,0,0,266
5079,1804,1129,3.420000076,3.420000076,0,0,0,3.420000076,0,0,0,242
4165,1725,1236,2.809999943,2.809999943,0,0,0,2.799999952,0,0,0,204
3588,1654,1280,2.420000076,2.420000076,0,0.230000004,0.200000003,1.99000001,0,3,5,152
3409,1632,1293,2.299999952,2.299999952,0,0,0,2.299999952,0,0,0,147
1715,1481,1358,1.159999967,1.159999967,0,0,0,1.159999967,0,0,0,82
1532,1473,1364,1.029999971,1.029999971,0,0,0,1.029999971,0,0,0,76
924,1410,1395,0.620000005,0.620000005,0,0,0,0.620000005,0,0,0,45
4571,1779,1206,3.079999924,3.079999924,0,0,0,3.069999933,0,0,0,234
772,1403,1400,0.519999981,0.519999981,0,0,0,0.519999981,0,0,0,40
3634,1613,1306,2.450000048,2.450000048,0,0.360000014,0.209999993,1.879999995,0,5,6,123
7443,1878,1204,5.019999981,5.019999981,0,1.49000001,0.370000005,3.160000086,0,20,10,206
1201,1426,1388,0.810000002,0.810000002,0,0,0,0.810000002,0,0,0,52
5202,1780,1206,3.50999999,3.50999999,0,0,0.389999986,3.109999895,0,0,11,223
4878,1742,1236,3.289999962,3.289999962,0,0,0,3.289999962,0,0,0,204
7379,1972,1121,4.96999979,4.96999979,0,0,0,4.96999979,0,0,0,319
5161,1821,1193,3.480000019,3.480000019,0,0,0,3.470000029,0,0,0,247
3090,1630,1295,2.079999924,2.079999924,0,0,0,2.079999924,0,0,0,145
6227,1899,1150,4.199999809,4.199999809,0,0,0,4.199999809,0,0,0,290
6424,1903,1140,4.329999924,4.329999924,0,0,0,4.329999924,0,0,0,300
2661,1125,830,1.789999962,1.789999962,0,0,0,1.789999962,0,0,0,128
10113,2344,964,6.829999924,6.829999924,0,2,0.620000005,4.199999809,0,28,13,320
10352,2038,676,7.010000229,7.010000229,0,1.659999967,1.940000057,3.410000086,0,19,32,195
10129,2010,705,6.699999809,6.699999809,0,0.02,2.74000001,3.940000057,0,1,48,206
10465,2133,720,6.920000076,6.920000076,0,0.07,1.419999957,5.429999828,0,1,24,284
22244,2670,968,15.07999992,15.07999992,0,5.449999809,4.099999905,5.53000021,0,66,72,268
5472,1882,508,3.619999886,3.619999886,0,0.079999998,0.280000001,3.25999999,0,1,7,249
8247,1944,678,5.449999809,5.449999809,0,0.790000021,0.860000014,3.789999962,0,11,16,206
6711,2346,648,4.440000057,4.440000057,0,0,0,4.440000057,0,0,7,382
10999,2198,1011,7.269999981,7.269999981,0,0.680000007,1.809999943,4.78000021,0,11,43,269
10080,2048,761,6.75,6.75,0,1.850000024,1.529999971,3.380000114,0,23,26,208
7804,1946,781,5.159999847,5.159999847,0,0.560000002,1.679999948,2.920000076,0,9,27,206
16901,2629,591,11.36999989,11.36999989,0,2.779999971,1.450000048,7.150000095,0,32,35,360
9471,2187,584,6.260000229,6.260000229,0,0,0,6.260000229,0,0,0,360
9482,2095,653,6.380000114,6.380000114,0,1.269999981,0.519999981,4.599999905,0,15,11,277
5980,1861,732,3.950000048,3.950000048,0,0,0,3.950000048,0,0,0,227
11423,2194,623,7.579999924,7.579999924,0,1.860000014,0.400000006,5.320000172,0,26,9,295
5439,1854,764,3.599999905,3.599999905,0,0,0,3.599999905,0,0,0,229
42,403,2,0.029999999,0.029999999,0,0,0,0.029999999,0,0,0,4
8796,1982,1061,5.909999847,5.909999847,0,0.109999999,0.930000007,4.880000114,0,2,21,356
7618,2004,1028,5.119999886,5.119999886,0,0,0.219999999,4.880000114,0.02,0,8,404
7910,1893,1109,5.320000172,5.320000172,0,0,0,5.320000172,0,0,0,331
8482,2063,992,5.699999809,5.699999809,0,0,0,5.690000057,0.01,0,0,448
9685,2148,1087,6.650000095,6.650000095,0,3.109999895,0.02,3.50999999,0.01,47,1,305
2524,1529,1272,1.700000048,1.700000048,0,0,0.349999994,1.340000033,0,0,8,160
7762,1890,1122,5.239999771,5.239999771,0,0.07,0.280000001,4.889999866,0,1,6,311
7948,1956,1051,5.369999886,5.369999886,0,0,0,5.360000134,0,0,0,389
9202,2094,1035,6.300000191,6.300000191,0,1.50999999,0.119999997,4.659999847,0.01,22,5,378
8859,1970,1057,5.980000019,5.980000019,0,0.129999995,0.370000005,5.46999979,0.01,2,10,371
7286,2241,1028,4.900000095,4.900000095,0,0.460000008,0,4.420000076,0.02,46,0,366
9317,2021,1077,6.349999905,6.349999905,0,2.089999914,0.230000004,4.019999981,0.01,28,5,330
6873,1898,1203,4.679999828,4.679999828,0,3,0.059999999,1.620000005,0,46,1,190
7373,1907,1081,4.949999809,4.949999809,0,0,0,4.949999809,0,0,0,359
8242,1882,1124,5.539999962,5.539999962,0,0.119999997,0.180000007,5.239999771,0,2,5,309
3516,1966,1197,2.359999895,2.359999895,0,0,0,2.359999895,0,46,0,197
7913,1835,1192,5.409999847,5.409999847,0,2.160000086,0.340000004,2.910000086,0,28,7,213
7365,1780,1191,4.949999809,4.949999809,0,1.360000014,1.409999967,2.180000067,0,20,23,206
8452,1830,1167,5.679999828,5.679999828,0,0.330000013,1.080000043,4.260000229,0.01,5,20,248
7399,1739,1219,4.96999979,4.96999979,0,0.49000001,1.039999962,3.440000057,0,7,18,196
7525,1878,1099,5.059999943,5.059999943,0,0,0.209999993,4.829999924,0.02,0,7,334
7412,1906,1070,4.980000019,4.980000019,0,0.059999999,0.25,4.659999847,0.01,1,6,363
8278,2015,1020,5.559999943,5.559999943,0,0,0,5.559999943,0,0,0,420
8314,1971,1093,5.610000134,5.610000134,0,0.779999971,0.800000012,4.03000021,0,13,23,311
7063,1910,1065,4.75,4.75,0,0,0.119999997,4.610000134,0.01,0,5,370
4940,1897,1302,3.380000114,3.380000114,0,2.279999971,0.550000012,0.550000012,0,75,11,52
8168,2096,1068,5.539999962,5.539999962,0,2.900000095,0,2.640000105,0,46,0,326
7726,1906,1095,5.190000057,5.190000057,0,0,0,5.190000057,0,0,0,345
8275,1962,1067,5.559999943,5.559999943,0,0,0,5.550000191,0.01,0,0,373
6440,1826,1121,4.329999924,4.329999924,0,0,0,4.320000172,0.01,0,0,319
7566,1431,720,5.110000134,5.110000134,0,0,0,5.110000134,0,0,0,268
4747,1788,1160,3.24000001,3.24000001,0,0,0,3.230000019,0.01,0,0,280
9715,2093,1045,6.630000114,6.630000114,0,0.99000001,0.340000004,5.269999981,0.02,16,8,371
8844,2065,1039,6.03000021,6.03000021,0,0.340000004,1.029999971,4.650000095,0.01,6,25,370
7451,1908,1105,5.079999924,5.079999924,0,0,0,5.059999943,0.02,0,0,335
6905,1908,1084,4.730000019,4.730000019,0,0,0,4.699999809,0.029999999,0,0,356
8199,1964,1105,5.880000114,5.880000114,0,1.409999967,0.100000001,4.360000134,0.01,11,2,322
6798,2014,1070,4.639999866,4.639999866,0,1.080000043,0.200000003,3.349999905,0,20,7,343
7711,1985,1064,5.260000229,5.260000229,0,0,0,5.239999771,0.02,0,0,376
4880,1867,1148,3.329999924,3.329999924,0,0.839999974,0.090000004,2.380000114,0.02,15,3,274
8857,2124,1037,6.070000172,6.070000172,0,1.149999976,0.25999999,4.639999866,0.01,18,9,376
3843,1669,1234,2.619999886,2.619999886,0,0,0,2.609999895,0.01,0,0,206
7396,1995,1115,5.070000172,5.070000172,0,1.399999976,0.079999998,3.579999924,0,20,2,303
6731,1921,1127,4.590000153,4.590000153,0,0.889999986,0.189999998,3.49000001,0.02,14,7,292
5995,2010,1024,4.090000153,4.090000153,0,0,0,4.090000153,0,0,0,416
8283,2057,1083,5.789999962,5.789999962,0,1.850000024,0.050000001,3.869999886,0.01,22,2,333
7904,2095,1057,5.420000076,5.420000076,0,1.580000043,0.629999995,3.190000057,0.01,24,13,346
5512,1972,1055,3.75999999,3.75999999,0,0,0,3.75999999,0,0,0,385
9135,2044,1038,6.230000019,6.230000019,0,0,0,6.21999979,0.01,0,0,402
5250,1946,1119,3.579999924,3.579999924,0,1.059999943,0.090000004,2.420000076,0.01,17,4,300
3077,1237,842,2.099999905,2.099999905,0,0,0,2.089999914,0,0,0,172
8856,1450,777,5.980000019,5.980000019,0,3.059999943,0.910000026,2.00999999,0,44,19,131
10035,1495,754,6.710000038,6.710000038,0,2.029999971,2.130000114,2.549999952,0,31,46,153
7641,1433,801,5.110000134,5.110000134,0,0.319999993,0.970000029,3.819999933,0,5,23,214
9010,1468,644,6.059999943,6.059999943,0,1.049999952,1.75,3.25999999,0,15,42,183
13459,1625,663,9,9,0,2.029999971,4,2.970000029,0,31,83,153
10415,1529,600,6.96999979,6.96999979,0,0.699999988,2.349999905,3.920000076,0,11,58,205
11663,1584,605,7.800000191,7.800000191,0,0.25,3.730000019,3.819999933,0,4,95,214
12414,1638,738,8.779999733,8.779999733,0,2.24000001,2.450000048,3.960000038,0,19,67,221
11658,1554,845,7.829999924,7.829999924,0,0.200000003,4.349999905,3.279999971,0,2,98,164
6093,1397,712,4.079999924,4.079999924,0,0,0,4.059999943,0,0,0,242
8911,1481,731,5.960000038,5.960000038,0,2.329999924,0.579999983,3.059999943,0,33,12,188
12058,1638,724,8.069999695,8.069999695,0,0,4.21999979,3.849999905,0,0,92,252
14112,1655,660,10,10,0,3.269999981,4.559999943,2.170000076,0,30,95,129
11177,1570,781,8.479999542,8.479999542,0,5.619999886,0.430000007,2.410000086,0,50,9,133
11388,1551,797,7.619999886,7.619999886,0,0.449999988,4.21999979,2.950000048,0,7,95,170
7193,1377,714,5.039999962,5.039999962,0,0,0.419999987,4.619999886,0,0,10,176
7114,1407,804,4.880000114,4.880000114,0,1.370000005,0.289999992,3.220000029,0,15,8,190
10645,1545,744,7.75,7.75,0,3.74000001,1.299999952,2.710000038,0,36,32,150
13238,1650,687,9.199999809,9.199999809,0,3.690000057,2.099999905,3.410000086,0,43,52,194
10414,1501,691,7.070000172,7.070000172,0,2.670000076,1.980000019,2.410000086,0,41,40,124
16520,1760,713,11.05000019,11.05000019,0,1.539999962,6.480000019,3.019999981,0,24,143,176
14335,1710,594,9.590000153,9.590000153,0,3.319999933,1.74000001,4.53000021,0,47,41,258
13559,1628,852,9.43999958,9.43999958,0,1.809999943,4.579999924,2.890000105,0,14,96,142
12312,1618,680,8.579999924,8.579999924,0,1.75999999,4.110000134,2.710000038,0,14,88,178
11677,1590,676,8.279999733,8.279999733,0,3.109999895,2.50999999,2.670000076,0,29,55,168
11550,1574,703,7.730000019,7.730000019,0,0,4.130000114,3.589999914,0,0,86,208
13585,1633,688,9.090000153,9.090000153,0,0.680000007,5.239999771,3.170000076,0,9,116,171
14687,1667,1159,10.07999992,10.07999992,0,0.769999981,5.599999905,3.549999952,0,8,122,151
13072,1630,676,8.779999733,8.779999733,0,0.07,5.400000095,3.309999943,0,1,115,196
746,52,13,0.5,0.5,0,0.370000005,0,0.129999995,0,4,0,9
8539,3654,712,6.119999886,6.119999886,0,0.150000006,0.239999995,5.679999828,0,4,15,331
0,1981,1440,0,0,0,0,0,0,0,0,0,0
108,2011,1437,0.079999998,0.079999998,0,0,0,0.029999999,0,0,0,3
1882,2951,1299,1.350000024,1.350000024,0,0.209999993,0.360000014,0.769999981,0,36,18,87
1982,3051,1222,1.419999957,1.419999957,0,0.449999988,0.370000005,0.589999974,0,65,21,55
16,1990,1438,0.01,0.01,0,0,0,0.01,0,0,0,2
62,1995,1438,0.039999999,0.039999999,0,0,0,0.039999999,0,0,0,2
0,1980,1440,0,0,0,0,0,0,0,0,0,0
0,1980,1440,0,0,0,0,0,0,0,0,0,0
0,1980,1440,0,0,0,0,0,0,0,0,0,0
0,1980,1440,0,0,0,0,0,0,0,0,0,0
0,1980,1440,0,0,0,0,0,0,0,0,0,0
0,1980,1440,0,0,0,0,0,0,0,0,0,0
0,1980,1440,0,0,0,0,0,0,0,0,0,0
0,1980,1440,0,0,0,0,0,0,0,0,0,0
0,1980,1440,0,0,0,0,0,0,0,0,0,0
0,1980,1440,0,0,0,0,0,0,0,0,0,0
0,1980,1440,0,0,0,0,0,0,0,0,0,0
0,1980,1440,0,0,0,0,0,0,0,0,0,0
0,1980,1440,0,0,0,0,0,0,0,0,0,0
475,2207,1350,0.340000004,0.340000004,0,0,0.039999999,0.289999992,0,0,11,31
4496,2828,950,3.220000029,3.220000029,0,0,0,3.150000095,0.050000001,0,0,174
10252,3879,531,7.349999905,7.349999905,0,0.670000017,1.039999962,5.579999924,0,13,46,346
11728,3429,916,8.430000305,8.430000305,0,2.619999886,1.679999948,4.039999962,0.07,38,42,196
4369,2704,855,3.130000114,3.130000114,0,0,0,3.099999905,0.01,0,0,177
6132,2975,1256,4.400000095,4.400000095,0,0,0,3.579999924,0,0,0,184
5862,3089,775,4.199999809,4.199999809,0,0,0,4.150000095,0,0,0,263
4556,2785,1225,3.269999981,3.269999981,0,0.200000003,0.119999997,2.940000057,0,3,5,173
5546,2926,774,3.980000019,3.980000019,0,0,0,3.869999886,0.039999999,0,0,206
3689,2645,1296,2.650000095,2.650000095,0,0.109999999,0.170000002,2.329999924,0,2,8,134
590,1120,721,0.419999987,0.419999987,0,0,0,0.409999996,0,0,0,21
5394,2286,1276,4.03000021,4.03000021,0,0,0,3.940000057,0,0,0,164
5974,2306,1280,4.46999979,4.46999979,0,0,0,4.369999886,0,0,0,160
0,1776,1440,0,0,0,0,0,0,0,0,0,0
3984,1527,873,2.950000048,2.950000048,0,0.209999993,0.25999999,2.440000057,0,3,6,88
7753,2115,1440,5.199999809,5.199999809,0,0,0,0,0,0,0,0
8204,2135,1234,5.5,5.5,0,0.529999971,0.589999974,1.309999943,0,8,15,96
10210,2302,589,6.880000114,6.880000114,0,0.109999999,0.330000013,6.440000057,0,1,9,339
5664,1985,752,3.799999952,3.799999952,0,0,0,3.799999952,0,0,0,228
4744,1884,724,3.180000067,3.180000067,0,0,0,3.180000067,0,0,0,194
29,1464,1363,0.02,0.02,0,0,0,0.02,0,0,0,3
2276,1632,824,1.549999952,1.549999952,0,0.07,0.330000013,1.120000005,0,1,9,58
8925,2200,604,5.989999771,5.989999771,0,0,0,5.989999771,0,0,0,311
8954,2220,671,6.010000229,6.010000229,0,0,0.680000007,5.309999943,0,0,18,306
3702,1792,1265,2.480000019,2.480000019,0,0,0,0.349999994,0,0,0,34
4500,1886,709,3.019999981,3.019999981,0,0.059999999,0.810000002,2.150000095,0,1,19,176
4935,1945,546,3.309999943,3.309999943,0,0,0,3.309999943,0,0,0,233
4081,1880,692,2.74000001,2.74000001,0,0.059999999,0.200000003,2.470000029,0,1,5,191
9259,2314,544,6.210000038,6.210000038,0,0,0.280000001,5.929999828,0,0,8,390
9899,2236,649,6.639999866,6.639999866,0,0.569999993,0.920000017,5.150000095,0,8,21,288
10780,2324,680,7.230000019,7.230000019,0,0.409999996,1.919999957,4.909999847,0,6,47,300
10817,2367,552,7.28000021,7.28000021,0,1.00999999,0.330000013,5.940000057,0,13,8,359
7990,2175,624,5.360000134,5.360000134,0,0.449999988,0.790000021,4.119999886,0,6,18,289
8221,2092,695,5.519999981,5.519999981,0,0.400000006,1.610000014,3.50999999,0,6,38,196
1251,1593,836,0.839999974,0.839999974,0,0,0,0.839999974,0,0,0,67
9261,2270,585,6.239999771,6.239999771,0,0,0.439999998,5.710000038,0,0,11,344
9648,2235,669,6.46999979,6.46999979,0,0.579999983,1.070000052,4.829999924,0,8,26,287
10429,2282,1106,7.019999981,7.019999981,0,0.589999974,0.579999983,5.849999905,0,8,13,313
13658,2530,957,9.489999771,9.489999771,0,2.630000114,1.409999967,5.449999809,0,27,34,328
9524,2266,692,6.420000076,6.420000076,0,0.409999996,0.469999999,5.460000038,0,6,11,314
7937,2158,586,5.329999924,5.329999924,0,0.189999998,1.049999952,4.079999924,0,3,28,279
3672,1792,603,2.460000038,2.460000038,0,0,0,2.460000038,0,0,0,153
10378,2345,490,6.960000038,6.960000038,0,0.140000001,0.560000002,6.25,0,2,14,374
9487,2260,555,6.369999886,6.369999886,0,0.209999993,0.460000008,5.699999809,0,3,12,329
9129,2232,574,6.130000114,6.130000114,0,0.200000003,0.74000001,5.179999828,0,3,18,311
17,257,0,0.01,0.01,0,0,0,0.01,0,0,0,2
10122,2955,1440,7.78000021,7.78000021,0,0,0,0,0,0,0,0
10993,3092,1275,8.449999809,8.449999809,0,0.059999999,0.629999995,3.880000114,0,1,14,150
8863,2998,945,6.820000172,6.820000172,0,0.129999995,1.070000052,5.619999886,0,10,35,219
8758,3066,837,6.730000019,6.730000019,0,0,0,6.730000019,0,0,0,299
6580,3073,609,5.059999943,5.059999943,0,0.209999993,0.400000006,4.449999809,0,6,9,253
4660,2572,721,3.579999924,3.579999924,0,0,0,3.579999924,0,0,0,201
11009,3274,1017,9.100000381,9.100000381,0,3.559999943,0.400000006,5.139999866,0,27,8,239
10181,3015,704,7.829999924,7.829999924,0,1.370000005,0.689999998,5.769999981,0,20,16,249
10553,3083,696,8.119999886,8.119999886,0,1.100000024,1.720000029,5.289999962,0,19,42,228
10055,3069,853,7.730000019,7.730000019,0,0.370000005,0.389999986,6.980000019,0,7,12,272
12139,3544,945,9.340000153,9.340000153,0,3.299999952,1.110000014,4.920000076,0,77,25,220
13236,3306,749,10.18000031,10.18000031,0,4.5,0.319999993,5.349999905,0,58,5,215
10243,2885,584,7.880000114,7.880000114,0,1.080000043,0.50999999,6.300000191,0,14,8,239
12961,3288,1054,9.970000267,9.970000267,0,0.730000019,1.399999976,7.840000153,0,11,31,301
9461,2929,673,7.28000021,7.28000021,0,0.939999998,1.059999943,5.269999981,0,14,23,224
11193,3074,684,8.609999657,8.609999657,0,0.699999988,2.50999999,5.389999866,0,11,48,241
10074,2969,878,7.75,7.75,0,1.289999962,0.430000007,6.03000021,0,19,9,234
9232,2979,1175,7.099999905,7.099999905,0,0.800000012,0.889999986,5.420000076,0,13,16,236
12533,3283,537,9.640000343,9.640000343,0,0.699999988,2,6.940000057,0,14,43,300
10255,2926,579,7.889999866,7.889999866,0,1.00999999,0.680000007,6.199999809,0,12,15,241
10096,3147,935,8.399999619,8.399999619,0,3.769999981,0.079999998,4.550000191,0,33,4,204
12727,3290,984,9.789999962,9.789999962,0,1.129999995,0.779999971,7.880000114,0,18,18,306
12375,3162,632,9.520000458,9.520000458,0,2.789999962,0.930000007,5.800000191,0,35,21,251
9603,2899,896,7.380000114,7.380000114,0,0.629999995,1.669999957,5.090000153,0,12,39,199
13175,3425,1100,10.13000011,10.13000011,0,2.109999895,2.089999914,5.929999828,0,33,45,262
22770,4022,508,17.54000092,17.54000092,0,9.449999809,2.769999981,5.329999924,0,120,56,260
17298,3934,576,14.38000011,14.38000011,0,9.890000343,1.25999999,3.230000019,0,107,38,178
10218,3013,1020,7.860000134,7.860000134,0,0.340000004,0.730000019,6.789999962,0,6,19,258
10299,3061,648,7.920000076,7.920000076,0,0.810000002,0.649999976,6.460000038,0,13,14,267
10201,2954,858,7.840000153,7.840000153,0,0.529999971,0.790000021,6.53000021,0,8,18,256
3369,1623,825,2.589999914,2.589999914,0,0,0,2.589999914,0,0,0,108
3276,2113,787,2.200000048,2.200000048,0,0,0,2.200000048,0,0,0,196
2961,2095,840,1.99000001,1.99000001,0,0,0,1.99000001,0,0,0,194
3974,2194,717,2.670000076,2.670000076,0,0,0,2.670000076,0,0,0,231
7198,2496,711,4.829999924,4.829999924,0,0,0,4.829999924,0,0,0,350
3945,2180,716,2.650000095,2.650000095,0,0,0,2.650000095,0,0,0,225
2268,1933,1219,1.519999981,1.519999981,0,0,0,1.519999981,0,0,0,114
6155,2248,1247,4.239999771,4.239999771,0,2,0.289999992,1.950000048,0,25,6,162
2064,1954,895,1.389999986,1.389999986,0,0,0,1.389999986,0,0,0,121
2072,1974,841,1.389999986,1.389999986,0,0,0,1.389999986,0,0,0,137
3809,2150,756,2.559999943,2.559999943,0,0,0,2.539999962,0,0,0,215
6831,2432,706,4.579999924,4.579999924,0,0,0,4.579999924,0,0,0,317
4363,2149,1239,2.930000067,2.930000067,0,0,0,2.930000067,0,0,0,201
5002,2247,1196,3.359999895,3.359999895,0,0,0,3.359999895,0,0,0,244
3385,2070,916,2.269999981,2.269999981,0,0,0,2.269999981,0,0,0,179
6326,2291,839,4.409999847,4.409999847,0,2.410000086,0.039999999,1.960000038,0,29,1,180
7243,2361,839,5.03000021,5.03000021,0,2.619999886,0.029999999,2.380000114,0,32,1,194
4493,2203,762,3.00999999,3.00999999,0,0,0,3.00999999,0,0,0,236
4676,2196,1106,3.140000105,3.140000105,0,0,0,3.130000114,0,0,0,226
6222,2363,797,4.179999828,4.179999828,0,0,0,4.179999828,0,0,0,290
5232,2246,741,3.50999999,3.50999999,0,0,0,3.50999999,0,0,0,240
6910,2336,667,4.75,4.75,0,2.210000038,0.189999998,2.349999905,0,27,4,200
7502,2421,725,5.179999828,5.179999828,0,2.480000019,0.109999999,2.579999924,0,30,2,233
2923,2070,897,1.960000038,1.960000038,0,0,0,1.960000038,0,0,0,180
3800,2120,734,2.549999952,2.549999952,0,0.119999997,0.239999995,2.180000067,0,2,6,185
4514,2211,809,3.029999971,3.029999971,0,0,0,3.029999971,0,0,0,229
5183,2123,866,3.589999914,3.589999914,0,2.130000114,0.189999998,1.25,0,26,4,108
7303,2423,733,4.900000095,4.900000095,0,0,0.25,4.650000095,0,0,8,308
5275,2281,641,3.539999962,3.539999962,0,0,0,3.539999962,0,0,0,266
3915,2181,783,2.630000114,2.630000114,0,0,0,2.630000114,0,0,0,231
9105,2499,622,6.110000134,6.110000134,0,2.25,1,2.859999895,0,34,22,232
768,1212,380,0.519999981,0.519999981,0,0,0,0.519999981,0,0,0,58
5135,1909,1122,3.390000105,3.390000105,0,0,0,3.390000105,0,0,0,318
4978,1722,1287,3.289999962,3.289999962,0,1.24000001,0.439999998,1.610000014,0,19,7,127
6799,1922,1161,4.489999771,4.489999771,0,0,0,4.489999771,0,0,0,279
7795,2121,1131,5.150000095,5.150000095,0,0.589999974,0.839999974,3.730000019,0,17,30,262
7289,1997,1112,4.820000172,4.820000172,0,0.550000012,0.75,3.5,0,8,12,308
9634,2117,1110,6.400000095,6.400000095,0,0.550000012,1.139999986,4.710000038,0,7,19,304
8940,2116,1080,5.909999847,5.909999847,0,0.980000019,0.930000007,4,0,14,15,331
5401,1876,1182,3.569999933,3.569999933,0,0.050000001,0.360000014,3.160000086,0,1,9,248
4803,1788,1218,3.170000076,3.170000076,0,0,0,3.170000076,0,0,0,222
13743,2486,844,9.079999924,9.079999924,0,0.419999987,0.970000029,7.699999809,0,6,21,432
9601,2094,1122,6.349999905,6.349999905,0,1.370000005,1.5,3.470000029,0,20,25,273
6890,2085,1122,4.550000191,4.550000191,0,0.340000004,0.200000003,4.010000229,0,5,5,308
8563,2173,1045,5.659999847,5.659999847,0,0,0,5.650000095,0,0,0,395
8095,2225,993,5.349999905,5.349999905,0,0.589999974,0.25,4.510000229,0,18,10,340
9148,2223,1062,6.050000191,6.050000191,0,0.430000007,2.029999971,3.589999914,0,12,41,283
9557,2098,1087,6.320000172,6.320000172,0,1.960000038,0.889999986,3.460000038,0,27,14,312
9451,2185,985,6.25,6.25,0,0.02,0.270000011,5.949999809,0,1,11,367
7833,1918,1096,5.179999828,5.179999828,0,1.019999981,1.850000024,2.309999943,0,15,29,197
10319,2105,1111,6.820000172,6.820000172,0,0.469999999,1.889999986,4.460000038,0,7,29,293
3428,1692,1121,2.269999981,2.269999981,0,0,0,2.269999981,0,0,0,190
7891,2066,1057,5.21999979,5.21999979,0,0,0,5.21999979,0,0,0,383
5267,1953,1172,3.480000019,3.480000019,0,0.600000024,0.280000001,2.599999905,0,21,10,237
5232,1842,1188,3.460000038,3.460000038,0,0,0,3.460000038,0,0,0,252
10611,2262,1048,7.010000229,7.010000229,0,1.00999999,0.5,5.510000229,0,14,8,370
3755,1722,1238,2.480000019,2.480000019,0,0,0,2.480000019,0,0,0,202
8237,1973,1116,5.440000057,5.440000057,0,1.610000014,1,2.829999924,0,23,16,233
6543,2666,1019,4.329999924,4.329999924,0,1.799999952,0.5,2.019999981,0,66,35,238
11451,2223,1065,7.570000172,7.570000172,0,0.430000007,1.620000005,5.519999981,0,6,30,339
6435,1889,1191,4.25,4.25,0,0.74000001,1.120000005,2.390000105,0,11,18,220
9108,2131,1081,6.019999981,6.019999981,0,0.25999999,1.820000052,3.940000057,0,4,31,324
6307,1452,736,4.170000076,4.170000076,0,0,0,4.170000076,0,0,0,247
7213,2947,718,5.880000114,5.880000114,0,0,0,5.849999905,0,0,0,263
6877,2898,777,5.579999924,5.579999924,0,0,0,5.579999924,0,0,0,258
7860,2984,772,6.369999886,6.369999886,0,0,0,6.369999886,0,0,0,271
6506,2896,944,5.28000021,5.28000021,0,0.07,0.419999987,4.789999962,0,1,8,256
11140,3328,556,9.029999733,9.029999733,0,0.239999995,1.25,7.539999962,0,3,24,335
12692,3394,437,10.28999996,10.28999996,0,0.959999979,3.460000038,5.880000114,0,12,66,302
9105,3013,890,7.380000114,7.380000114,0,1.820000052,1.49000001,4.070000172,0,22,30,191
6708,2812,757,5.440000057,5.440000057,0,0.879999995,0.370000005,4.190000057,0,10,8,179
8793,3061,717,7.130000114,7.130000114,0,0.159999996,1.230000019,5.730000019,0,2,29,260
6530,2729,901,5.300000191,5.300000191,0,0.310000002,2.049999952,2.940000057,0,4,41,144
1664,2241,1341,1.350000024,1.350000024,0,0,0,1.350000024,0,0,0,72
15126,3691,469,12.27000046,12.27000046,0,0.75999999,3.24000001,8.270000458,0,9,66,408
15050,3538,542,12.22000027,12.22000027,0,1.200000048,5.119999886,5.880000114,0,15,95,281
9167,3064,730,7.429999828,7.429999828,0,0.49000001,0.819999993,6.110000134,0,6,15,270
6108,2784,765,4.949999809,4.949999809,0,0.07,0.349999994,4.539999962,0,1,8,216
7047,2908,733,5.71999979,5.71999979,0,0.090000004,0.800000012,4.78000021,0,1,16,238
9023,3033,738,7.320000172,7.320000172,0,1.129999995,0.419999987,5.769999981,0,14,9,232
9930,3165,692,8.050000191,8.050000191,0,1.059999943,0.920000017,6.070000172,0,12,19,267
10144,3115,728,8.229999542,8.229999542,0,0.319999993,2.029999971,5.880000114,0,4,36,263
0,2017,1440,0,0,0,0,0,0,0,0,0,0
7245,2859,1131,5.920000076,5.920000076,0,0.379999995,1.74000001,3.75999999,0,5,40,195
9454,3145,729,7.670000076,7.670000076,0,0,0,7.670000076,0,0,0,313
8161,3004,757,6.619999886,6.619999886,0,0.340000004,0.730000019,5.539999962,0,4,15,251
8614,3006,745,6.989999771,6.989999771,0,0.670000017,0.219999999,6.090000153,0,8,5,241
6943,2859,682,5.630000114,5.630000114,0,0.079999998,0.660000026,4.869999886,0,1,16,207
14370,3683,577,11.64999962,11.64999962,0,0.370000005,2.309999943,8.970000267,0,5,46,439
12857,3287,1019,10.43000031,10.43000031,0,0.680000007,6.210000038,3.539999962,0,9,125,192
8232,2990,746,6.679999828,6.679999828,0,0,0.569999993,6.099999905,0,0,12,253
10613,3172,701,8.609999657,8.609999657,0,0.079999998,1.879999995,6.650000095,0,1,37,262
9810,3069,784,7.960000038,7.960000038,0,0.779999971,2.160000086,4.980000019,0,10,41,235
2752,1240,241,2.230000019,2.230000019,0,0,0,2.230000019,0,0,0,68
11596,2026,767,7.570000172,7.570000172,0,1.370000005,0.790000021,5.409999847,0,19,13,277
4832,1718,647,3.160000086,3.160000086,0,0,0,3.160000086,0,0,0,226
17022,2324,693,11.11999989,11.11999989,0,4,2.450000048,4.670000076,0,61,41,256
16556,2254,689,10.85999966,10.85999966,0,4.159999847,1.980000019,4.710000038,0,58,38,239
5771,1831,521,3.769999981,3.769999981,0,0,0,3.769999981,0,0,0,288
655,1397,943,0.430000007,0.430000007,0,0,0,0.430000007,0,0,0,46
3727,1683,622,2.430000067,2.430000067,0,0,0,2.430000067,0,0,0,206
15482,2284,756,10.10999966,10.10999966,0,4.28000021,1.659999967,4.179999828,0,69,28,249
2713,1570,598,1.769999981,1.769999981,0,0,0,1.769999981,0,0,0,148
12346,2066,801,8.06000042,8.06000042,0,2.950000048,2.160000086,2.960000038,0,47,42,177
11682,2105,781,7.630000114,7.630000114,0,1.379999995,0.629999995,5.599999905,0,25,16,270
4112,1776,443,2.690000057,2.690000057,0,0,0,2.680000067,0,0,0,272
1807,1507,582,1.179999948,1.179999948,0,0,0,1.179999948,0,0,0,104
10946,2033,732,7.190000057,7.190000057,0,2.930000067,0.569999993,3.690000057,0,51,11,201
11886,2093,750,7.760000229,7.760000229,0,2.369999886,0.930000007,4.460000038,0,40,18,238
10538,1922,745,6.880000114,6.880000114,0,1.139999986,1,4.739999771,0,16,16,206
11393,1999,727,7.630000114,7.630000114,0,3.710000038,0.75,3.170000076,0,49,13,165
12764,2169,709,8.329999924,8.329999924,0,2.789999962,0.639999986,4.909999847,0,46,15,270
1202,1463,506,0.779999971,0.779999971,0,0,0,0.779999971,0,0,0,84
5164,1747,436,3.369999886,3.369999886,0,0,0,3.369999886,0,0,0,237
9769,1996,724,6.380000114,6.380000114,0,1.059999943,0.409999996,4.900000095,0,23,9,227
12848,2116,812,8.390000343,8.390000343,0,1.5,1.200000048,5.679999828,0,26,29,247
4249,1698,651,2.769999981,2.769999981,0,0,0,2.769999981,0,0,0,224
14331,2156,692,9.510000229,9.510000229,0,3.430000067,1.659999967,4.429999828,0,44,29,241
9632,1916,761,6.289999962,6.289999962,0,1.519999981,0.540000021,4.230000019,0,21,9,229
1868,1494,902,1.220000029,1.220000029,0,0,0,1.220000029,0,0,0,96
6083,1762,505,4,4,0,0.219999999,0.469999999,3.299999952,0,3,8,210
11611,2272,667,7.579999924,7.579999924,0,2.130000114,0.889999986,4.559999943,0,59,22,251
16358,2335,707,10.71000004,10.71000004,0,3.869999886,1.610000014,5.199999809,0,61,40,265
4926,1693,628,3.220000029,3.220000029,0,0,0,3.220000029,0,0,0,195
3121,741,222,2.039999962,2.039999962,0,0.579999983,0.400000006,1.059999943,0,8,6,48
8135,3405,728,6.079999924,6.079999924,0,3.599999905,0.379999995,2.099999905,0,86,16,140
5077,2551,776,3.789999962,3.789999962,0,0.319999993,0.219999999,3.25,0,15,11,144
8596,4022,662,6.420000076,6.420000076,0,3.329999924,0.310000002,2.779999971,0,118,30,176
12087,4005,695,9.079999924,9.079999924,0,3.920000076,1.600000024,3.559999943,0,115,54,199
14269,4274,472,10.65999985,10.65999985,0,6.639999866,1.279999971,2.730000019,0,184,56,158
12231,4552,525,9.140000343,9.140000343,0,5.980000019,0.829999983,2.319999933,0,200,37,159
9893,3625,623,7.389999866,7.389999866,0,4.860000134,0.720000029,1.820000052,0,114,32,130
12574,3501,733,9.420000076,9.420000076,0,7.019999981,0.639999986,1.75999999,0,108,23,111
8330,3192,773,6.21999979,6.21999979,0,4.119999886,0.340000004,1.75999999,0,87,16,113
10830,4018,670,8.090000153,8.090000153,0,3.650000095,1.659999967,2.779999971,0,110,74,175
9172,3329,823,6.849999905,6.849999905,0,2.420000076,0.790000021,3.299999952,0,62,30,200
7638,3152,627,5.710000038,5.710000038,0,1.210000038,0.360000014,4.139999866,0,24,24,223
15764,4392,425,11.77999973,11.77999973,0,7.650000095,2.150000095,1.980000019,0,210,65,141
6393,3374,743,4.78000021,4.78000021,0,1.350000024,0.670000017,2.75999999,0,61,38,214
5325,3088,759,3.980000019,3.980000019,0,0.850000024,0.649999976,2.470000029,0,38,32,181
6805,3294,773,5.139999866,5.139999866,0,1.809999943,0.400000006,2.930000067,0,63,16,190
9841,3580,692,7.429999828,7.429999828,0,3.25,1.169999957,3.00999999,0,99,51,141
7924,3544,739,5.920000076,5.920000076,0,2.839999914,0.610000014,2.470000029,0,97,36,165
12363,4501,621,9.239999771,9.239999771,0,5.829999924,0.790000021,2.609999895,0,207,45,163
13368,4546,499,9.989999771,9.989999771,0,5.309999943,1.440000057,3.24000001,0,194,72,178
7439,3014,732,5.559999943,5.559999943,0,1.120000005,0.349999994,4.070000172,0,37,20,235
11045,3795,580,8.25,8.25,0,4.519999981,0.150000006,3.569999933,0,97,8,212
5206,2755,631,3.890000105,3.890000105,0,1.559999943,0.25,2.079999924,0,25,9,141
7550,3004,1153,5.639999866,5.639999866,0,2.5,0.469999999,2.670000076,0,45,21,143
4950,2643,1304,3.700000048,3.700000048,0,1.929999948,0.319999993,1.450000048,0,41,16,79
0,1819,1440,0,0,0,0,0,0,0,0,0,0
0,1819,1440,0,0,0,0,0,0,0,0,0,0
3421,2489,1099,2.559999943,2.559999943,0,1.429999948,0.140000001,0.99000001,0,34,11,70
8869,3841,639,6.650000095,6.650000095,0,2.559999943,0.75,3.349999905,0,104,37,194
4038,1665,257,3.039999962,3.039999962,0,1.830000043,0.300000012,0.889999986,0,45,15,63
0,1496,1440,0,0,0,0,0,0,0,0,0,0
0,1496,1440,0,0,0,0,0,0,0,0,0,0
0,1496,1440,0,0,0,0,0,0,0,0,0,0
14019,2865,921,10.59000015,10.59000015,0,0,0.280000001,10.30000019,0,0,6,513
14450,2828,502,10.90999985,10.90999985,0,0.579999983,0.850000024,9.479999542,0,7,15,518
7150,2225,702,5.400000095,5.400000095,0,0,0,5.400000095,0,0,0,312
5153,2018,759,3.910000086,3.910000086,0,0,0,3.890000105,0,0,0,241
11135,2606,425,8.409999847,8.409999847,0,0,0,8.409999847,0,0,0,480
10449,2536,587,8.020000458,8.020000458,0,2.029999971,0.479999989,5.519999981,0,26,10,349
19542,4900,579,15.01000023,15.01000023,0,0.980000019,0.400000006,5.619999886,0,11,19,294
8206,2409,413,6.199999809,6.199999809,0,0,0,6.199999809,0,0,0,402
11495,2651,468,8.680000305,8.680000305,0,0,0,8.680000305,0,0,0,512
7623,2305,711,5.760000229,5.760000229,0,0,0,5.760000229,0,0,0,362
0,1497,1440,0,0,0,0,0,0,0,0,0,0
9543,2450,1077,7.210000038,7.210000038,0,0,0.340000004,6.869999886,0,0,7,352
9411,2576,417,7.110000134,7.110000134,0,0,0,7.110000134,0,0,0,458
3403,1879,758,2.599999905,2.599999905,0,0,0,2.599999905,0,0,0,141
9592,2560,479,7.239999771,7.239999771,0,0,0,7.239999771,0,0,0,461
6987,2275,1040,5.28000021,5.28000021,0,0,0,5.28000021,0,0,0,343
8915,2361,525,6.730000019,6.730000019,0,0,0,6.730000019,0,0,0,397
4933,2044,1204,3.730000019,3.730000019,0,0,0,3.730000019,0,0,0,236
0,1496,1440,0,0,0,0,0,0,0,0,0,0
2997,1902,1279,2.25999999,2.25999999,0,0,0,2.25999999,0,0,0,156
9799,2636,479,7.400000095,7.400000095,0,0,0,7.400000095,0,0,0,487
3365,1838,673,2.680000067,2.680000067,0,0,0,2.680000067,0,0,0,133
7336,2469,456,5.539999962,5.539999962,0,0,0,5.539999962,0,0,0,412
7328,2250,517,5.53000021,5.53000021,0,0,0,5.53000021,0,0,0,318
4477,1248,125,3.380000114,3.380000114,0,0,0,3.380000114,0,0,0,197
4562,2560,1241,3.450000048,3.450000048,0,0,0,3.450000048,0,0,0,199
7142,2905,1090,5.400000095,5.400000095,0,0,0,5.389999866,0.01,0,0,350
7671,2952,1077,5.800000191,5.800000191,0,0,0,5.769999981,0.029999999,0,0,363
9501,2896,1112,7.179999828,7.179999828,0,0,0,7.170000076,0.01,0,0,328
8301,2783,1182,6.28000021,6.28000021,0,0,0,6.269999981,0.01,0,0,258
7851,3171,1172,5.940000057,5.940000057,0,1.139999986,0.790000021,4,0,31,12,225
6885,2766,1169,5.210000038,5.210000038,0,0,0,5.190000057,0.02,0,0,271
7142,2839,1119,5.400000095,5.400000095,0,0,0,5.389999866,0.01,0,0,321
6361,2701,1182,4.809999943,4.809999943,0,0,0,4.800000191,0.01,0,0,258
0,2060,1440,0,0,0,0,0,0,0,0,0,0
6238,2796,1138,4.71999979,4.71999979,0,0,0,4.71999979,0,0,0,302
0,2664,1407,0,0,0,0,0,0,0,33,0,0
5896,2703,1182,4.460000038,4.460000038,0,0,0,4.460000038,0,0,0,258
7802,2771,1180,5.900000095,5.900000095,0,0.680000007,0.180000007,5.03000021,0.01,8,3,249
0,2060,1440,0,0,0,0,0,0,0,0,0,0
5565,2743,1153,4.210000038,4.210000038,0,0,0,4.179999828,0.029999999,0,0,287
5731,2687,1185,4.329999924,4.329999924,0,0,0,4.329999924,0,0,0,255
0,2060,1440,0,0,0,0,0,0,0,0,0,0
6744,2843,1116,5.099999905,5.099999905,0,0,0,5.090000153,0.01,0,0,324
9837,3327,1055,7.440000057,7.440000057,0,0.660000026,2.75,4,0.02,8,95,282
6781,2725,1172,5.130000114,5.130000114,0,0,0,5.110000134,0.02,0,0,268
6047,2671,1200,4.570000172,4.570000172,0,0,0,4.570000172,0,0,0,240
5832,2718,1168,4.409999847,4.409999847,0,0,0,4.400000095,0.01,0,0,272
6339,2682,1201,4.789999962,4.789999962,0,0,0,4.789999962,0,0,0,239
6116,2806,1135,4.619999886,4.619999886,0,0,0,4.590000153,0.029999999,0,0,305
5510,2613,1213,4.170000076,4.170000076,0,0,0,4.159999847,0,0,0,227
7706,2712,1189,5.829999924,5.829999924,0,0,0,5.820000172,0,0,0,251
6277,2175,800,4.75,4.75,0,0,0,4.730000019,0.02,0,0,264
0,0,1440,0,0,0,0,0,0,0,0,0,0
0,1841,1440,0,0,0,0,0,0,0,0,0,0
4053,2400,1053,2.910000086,2.910000086,0,1.110000014,0.579999983,1.220000029,0,17,18,85
5162,2507,863,3.700000048,3.700000048,0,0.870000005,0.860000014,1.970000029,0,14,24,105
1282,2127,976,0.920000017,0.920000017,0,0,0,0.920000017,0,0,0,58
4732,2225,1377,3.390000105,3.390000105,0,2.519999981,0.810000002,0.059999999,0,36,18,9
2497,2067,1392,1.789999962,1.789999962,0,0.349999994,1.129999995,0.310000002,0,5,24,19
8294,2798,1233,5.949999809,5.949999809,0,2,0.769999981,3.170000076,0,30,31,146
0,1841,1440,0,0,0,0,0,0,0,0,0,0
10771,3727,1079,7.71999979,7.71999979,0,3.769999981,1.74000001,2.220000029,0,70,113,178
0,1841,1440,0,0,0,0,0,0,0,0,0,0
637,1922,1420,0.460000008,0.460000008,0,0,0,0.460000008,0,0,0,20
0,1841,1440,0,0,0,0,0,0,0,0,0,0
2153,2053,1400,1.539999962,1.539999962,0,0.769999981,0.620000005,0.150000006,0,11,18,11
6474,2484,1302,4.639999866,4.639999866,0,2.269999981,0.460000008,1.899999976,0,33,13,92
7091,2584,1321,5.269999981,5.269999981,1.959596038,3.480000019,0.870000005,0.730000019,0,42,30,47
0,1841,1440,0,0,0,0,0,0,0,0,0,0
703,1993,1410,0.5,0.5,0,0.059999999,0.200000003,0.239999995,0,2,13,15
0,1841,1440,0,0,0,0,0,0,0,0,0,0
2503,2280,1344,1.789999962,1.789999962,0,0.159999996,0.159999996,1.480000019,0,3,9,84
2487,2319,1347,1.779999971,1.779999971,0,0.479999989,0.620000005,0.680000007,0,9,34,50
0,1841,1440,0,0,0,0,0,0,0,0,0,0
9,1843,1439,0.01,0.01,0,0,0,0.01,0,0,0,1
0,1841,1440,0,0,0,0,0,0,0,0,0,0
0,1841,1440,0,0,0,0,0,0,0,0,0,0
4697,2496,1318,3.369999886,3.369999886,0,0.469999999,0.930000007,1.929999948,0,12,35,75
1967,1032,551,1.409999967,1.409999967,0,0.129999995,0.239999995,1.049999952,0,2,5,49
10199,1994,796,6.739999771,6.739999771,0,3.400000095,0.829999983,2.50999999,0,50,14,189
5652,1718,548,3.74000001,3.74000001,0,0.569999993,1.210000038,1.960000038,0,8,24,142
1551,1466,862,1.029999971,1.029999971,0,0,0,1.029999971,0,0,0,86
5563,1756,837,3.680000067,3.680000067,0,0,0,3.680000067,0,0,0,217
13217,2173,741,8.739999771,8.739999771,0,3.660000086,0.189999998,4.880000114,0,50,3,280
10145,2027,634,6.710000038,6.710000038,0,0.330000013,0.680000007,5.690000057,0,5,13,295
11404,2039,689,7.539999962,7.539999962,0,0.829999983,2.390000105,4.320000172,0,13,42,238
10742,2046,659,7.099999905,7.099999905,0,2.099999905,2.130000114,2.869999886,0,35,41,195
13928,2174,639,9.550000191,9.550000191,0,4.28000021,0.189999998,5.090000153,0,48,4,297
11835,2179,708,9.710000038,7.880000114,4.081692219,3.99000001,2.099999905,3.50999999,0.109999999,53,27,214
10725,2086,659,7.090000153,7.090000153,0,1.769999981,1.549999952,3.769999981,0,30,33,240
20031,2571,484,13.23999977,13.23999977,0,4.199999809,2,7.039999962,0,58,41,347
5029,1705,720,3.319999933,3.319999933,0,0,0,3.319999933,0,0,0,199
13239,2194,637,9.270000458,9.079999924,2.785175085,3.019999981,1.679999948,4.460000038,0.100000001,35,31,282
10433,2012,680,6.900000095,6.900000095,0,2.579999924,0.419999987,3.900000095,0,36,7,254
10320,2034,697,6.820000172,6.820000172,0,0.550000012,2.019999981,4.25,0,7,38,279
12627,2182,621,8.350000381,8.350000381,0,2.50999999,0.239999995,5.590000153,0,38,8,288
10762,2254,645,7.110000134,7.110000134,0,0.819999993,0.479999989,5.809999943,0,12,15,369
10081,2002,731,6.659999847,6.659999847,0,2.24000001,0.75999999,3.670000076,0,32,16,237
5454,1740,722,3.609999895,3.609999895,0,0,0,3.609999895,0,0,0,215
12912,2162,655,8.539999962,8.539999962,0,1.200000048,2,5.340000153,0,18,39,313
12109,2072,654,8.119999886,8.119999886,0,1.74000001,2.039999962,4.329999924,0,21,36,267
10147,2086,683,6.710000038,6.710000038,0,0.469999999,1.679999948,4.550000191,0,15,36,284
10524,2066,591,6.960000038,6.960000038,0,0.99000001,1.159999967,4.809999943,0,14,22,305
5908,1850,717,3.910000086,3.910000086,0,0,0,3.910000086,0,0,0,299
6815,1947,745,4.5,4.5,0,0,0,4.5,0,0,0,328
4188,1659,709,2.769999981,2.769999981,0,0,0.519999981,2.25,0,0,14,151
12342,2105,607,8.720000267,8.680000305,3.167821884,3.900000095,1.179999948,3.650000095,0,43,21,231
15448,2361,626,10.21000004,10.21000004,0,3.470000029,1.75,4.989999771,0,62,34,275
6722,1855,709,4.440000057,4.440000057,0,1.49000001,0.310000002,2.650000095,0,24,7,199
3587,928,127,2.369999886,2.369999886,0,0,0.25,2.109999895,0,0,8,105
14172,2937,1024,10.28999996,9.479999542,4.869782925,4.5,0.379999995,5.409999847,0,53,8,355
12862,2742,1101,9.649999619,8.600000381,4.851306915,4.610000134,0.560000002,4.480000019,0,56,22,261
11179,2668,1096,8.239999771,7.480000019,3.285414934,2.950000048,0.340000004,4.960000038,0,34,6,304
5273,2098,1238,3.529999971,3.529999971,0,0,0,3.529999971,0,0,0,202
4631,2076,1155,3.099999905,3.099999905,0,0,0,3.099999905,0,0,0,203
8059,2383,1135,5.389999866,5.389999866,0,0,0,5.389999866,0,0,0,305
14816,2832,1077,10.97999954,9.909999847,4.930550098,3.789999962,2.119999886,5.050000191,0.02,48,31,284
14194,2812,1066,10.47999954,9.5,4.94214201,4.409999847,0.75999999,5.309999943,0,53,17,304
15566,3096,1000,11.31000042,10.40999985,4.924840927,4.789999962,0.670000017,5.860000134,0,60,33,347
13744,2763,1049,9.18999958,9.18999958,0,2.150000095,1.870000005,5.170000076,0,30,34,327
15299,2889,1065,10.23999977,10.23999977,0,4.099999905,1.75999999,4.369999886,0,64,50,261
8093,2284,1190,5.409999847,5.409999847,0,0.129999995,1.129999995,4.150000095,0,2,25,223
11085,2667,1021,7.420000076,7.420000076,0,0,0,7.420000076,0,0,0,419
18229,3055,986,13.34000015,12.19999981,4.861792088,4.309999943,1.370000005,7.670000076,0,51,24,379
15090,2939,978,10.10000038,10.10000038,0,0.930000007,0.939999998,8.229999542,0,16,22,424
13541,2830,1041,10.22000027,9.06000042,4.885604858,4.269999981,0.660000026,5.289999962,0,50,12,337
15128,2836,1007,10.11999989,10.11999989,0,1.090000033,0.769999981,8.260000229,0,16,16,401
20067,3180,961,14.30000019,13.42000008,4.911146164,4.309999943,2.049999952,7.949999809,0,55,42,382
3761,2051,1240,2.519999981,2.519999981,0,0,0,2.519999981,0,0,0,200
5600,2225,1142,3.75,3.75,0,0,0,3.75,0,0,0,237
13041,2642,1112,9.180000305,8.720000267,2.832325935,4.639999866,0.699999988,3.829999924,0,64,14,250
14510,2976,1021,10.86999989,9.710000038,4.912367821,4.480000019,1.019999981,5.360000134,0,58,31,330
0,1557,1440,0,0,0,0,0,0,0,0,0,0
15010,2933,1047,11.10000038,10.03999996,4.878232002,4.329999924,1.289999962,5.480000019,0,53,23,317
11459,2553,1136,7.670000076,7.670000076,0,3,0.810000002,3.859999895,0,44,13,247
0,120,111,0,0,0,0,0,0,0,0,0,0
11317,2772,745,8.409999847,8.409999847,0,5.269999981,0.150000006,2.970000029,0,59,6,153
5813,2516,744,3.619999886,3.619999886,0,0.560000002,0.209999993,2.839999914,0,31,26,155
9123,2734,787,6.119999886,6.119999886,0,2.029999971,0.330000013,3.660000086,0,35,32,189
8585,2395,864,5.670000076,5.670000076,0,2.039999962,1.110000014,2.529999971,0,30,21,139
31,1635,1437,0.01,0.01,0,0,0,0.01,0,0,0,3
0,1629,1440,0,0,0,0,0,0,0,0,0,0
9827,2743,1136,6.710000038,6.710000038,0,3.170000076,1.220000029,2.309999943,0,61,51,114
10688,2944,671,7.289999962,7.289999962,0,3.529999971,1.230000019,2.50999999,0,67,69,124
14365,2997,797,10.64000034,10.64000034,0,7.639999866,0.449999988,2.539999962,0,87,13,145
9469,2463,758,6.179999828,6.179999828,0,1.360000014,0.300000012,4.510000229,0,19,6,206
9753,2846,762,6.53000021,6.53000021,0,2.869999886,0.970000029,2.670000076,0,58,59,153
2817,1965,1350,1.809999943,1.809999943,0,0,0,1.799999952,0,0,0,90
3520,2049,566,2.160000086,2.160000086,0,0,0,2.150000095,0,0,0,125
10091,2752,706,6.820000172,6.820000172,0,3.75,0.699999988,2.369999886,0,69,39,129
10387,2781,726,7.070000172,7.070000172,0,4.159999847,0.769999981,2.119999886,0,70,33,132
11107,2693,829,8.340000153,8.340000153,0,5.630000114,0.180000007,2.529999971,0,55,6,145
11584,2862,810,7.800000191,7.800000191,0,2.789999962,1.639999986,3.359999895,0,54,48,161
7881,2616,1198,4.949999809,4.949999809,0,0.49000001,0.449999988,4,0,24,36,182
14560,2995,584,9.409999847,9.409999847,0,3.119999886,1.039999962,5.239999771,0,42,17,308
12390,2730,685,8.069999695,8.069999695,0,2.299999952,0.899999976,4.849999905,0,30,15,258
10052,2754,737,6.809999943,6.809999943,0,3.480000019,0.660000026,2.660000086,0,66,26,139
10288,2754,761,6.760000229,6.760000229,0,2.74000001,0.850000024,3.160000086,0,57,36,152
10988,2655,843,8.31000042,8.31000042,0,5.28000021,0.119999997,2.900000095,0,45,12,135
8564,2386,1253,5.599999905,5.599999905,0,1.779999971,0.829999983,2.950000048,0,24,14,149
12461,2924,834,8.380000114,8.380000114,0,3.819999933,1.429999948,3.119999886,0,84,35,154
12827,2739,621,8.479999542,8.479999542,0,1.460000038,2.329999924,4.679999828,0,20,42,209
10677,2534,695,7.099999905,7.099999905,0,2.309999943,1.529999971,3.25,0,32,27,147
13566,2960,743,9.109999657,9.109999657,0,4.260000229,1.710000038,3.119999886,0,67,50,171
14433,2800,1182,10.78999996,10.78999996,0,7.110000134,1.200000048,2.450000048,0,72,23,106
9572,2735,757,6.519999981,6.519999981,0,2.890000105,1.389999986,2.230000019,0,57,40,128
3789,1199,343,2.559999943,2.559999943,0,0.379999995,0.270000011,1.889999986,0,5,4,58
18060,3186,1193,14.11999989,14.11999989,0,11.64000034,0.389999986,2.099999905,0,116,8,123
16433,3140,1177,13.35000038,13.35000038,0,10.43000031,0.469999999,2.450000048,0,95,12,156
20159,3411,1123,15.97000027,15.97000027,0,12.34000015,0.209999993,3.359999895,0,119,5,193
20669,3410,1142,16.23999977,16.23999977,0,13.26000023,0.389999986,2.589999914,0,132,8,158
14549,2867,1255,11.10999966,11.10999966,0,9.359999657,0.270000011,1.49000001,0,96,6,83
18827,3213,1113,13.68999958,13.68999958,0,9.239999771,0.800000012,3.640000105,0,111,21,195
17076,3133,1137,12.65999985,12.65999985,0,9.079999924,0.230000004,3.349999905,0,102,6,195
15929,3114,1152,12.47999954,12.47999954,0,9.220000267,0.310000002,2.950000048,0,90,7,191
15108,3043,695,12.18999958,12.18999958,0,9.579999924,0.230000004,2.380000114,0,89,5,158
16057,3103,1164,12.51000023,12.51000023,0,9.670000076,0.25,2.579999924,0,100,6,170
10520,2655,1260,8.289999962,8.289999962,0,6.260000229,0.150000006,1.879999995,0,60,3,117
22359,3554,741,17.19000053,17.19000053,0,12.53999996,0.629999995,4.019999981,0,125,14,223
22988,3577,1096,17.95000076,17.95000076,0,13.13000011,1.549999952,3.25999999,0,129,33,182
20500,3403,1104,15.68999958,15.68999958,0,11.36999989,0.460000008,3.859999895,0,118,9,209
12685,2846,1182,9.619999886,9.619999886,0,6.309999943,0.200000003,3.099999905,0,68,5,185
12422,2852,1187,9.819999695,9.819999695,0,6.460000038,0.430000007,2.930000067,0,60,10,183
15447,3062,1188,12.39999962,12.39999962,0,9.670000076,0.389999986,2.349999905,0,90,9,153
12315,2794,1215,9.649999619,9.649999619,0,6.170000076,0.310000002,3.170000076,0,58,8,159
7135,2408,1281,5.590000153,5.590000153,0,2.99000001,0.059999999,2.539999962,0,27,1,131
1170,1886,1389,0.850000024,0.850000024,0,0,0,0.850000024,0,0,0,51
1969,1988,1345,1.429999948,1.429999948,0,0,0,1.429999948,0,0,0,95
15484,3023,1166,11.89999962,11.89999962,0,8.390000343,0.930000007,2.589999914,0,87,22,165
14581,2918,1220,11.14999962,11.14999962,0,8.819999695,0.400000006,1.909999967,0,89,8,123
14990,2950,1208,11.51000023,11.51000023,0,8.850000381,0.449999988,2.210000038,0,93,9,130
13953,2859,1245,11,11,0,9.100000381,0.689999998,1.210000038,0,90,15,90
19769,3331,1076,15.67000008,15.67000008,0,12.43999958,0.879999995,2.349999905,0,121,20,148
22026,3589,1073,17.64999962,17.64999962,0,13.39999962,0.589999974,3.660000086,0,125,14,228
12465,2765,1214,9.380000114,9.380000114,0,6.119999886,0.569999993,2.690000057,0,66,12,148
14810,2926,1219,11.35999966,11.35999966,0,9.090000153,0.419999987,1.850000024,0,96,10,115
12209,2809,1189,9.399999619,9.399999619,0,6.079999924,0.280000001,3.039999962,0,60,7,184
4998,1505,839,3.910000086,3.910000086,0,2.950000048,0.200000003,0.75999999,0,28,4,39
9033,2044,1244,7.159999847,7.159999847,0,5.429999828,0.140000001,1.590000033,0,40,2,154
8053,1935,1298,6.099999905,6.099999905,0,4.170000076,0.629999995,1.309999943,0,35,11,96
5234,1705,1362,3.460000038,3.460000038,0,1.929999948,0.99000001,0.540000021,0,29,16,33
2672,1632,1335,1.769999981,1.769999981,0,0,0,1.75999999,0,0,0,105
9256,1880,1268,6.139999866,6.139999866,0,0.430000007,3.269999981,2.450000048,0,6,51,115
10204,2112,1237,7.909999847,7.909999847,0,5.429999828,0.150000006,2.329999924,0,41,5,157
5151,1829,1278,3.480000019,3.480000019,0,1.039999962,0.629999995,1.799999952,0,16,16,130
4212,1763,1276,2.779999971,2.779999971,0,0,0,2.779999971,0,0,0,164
6466,1931,1201,4.269999981,4.269999981,0,0.330000013,0.819999993,3.109999895,0.01,5,18,216
11268,2218,1199,8.56000042,8.56000042,0,5.880000114,0.930000007,1.75,0,49,20,172
2824,1651,1320,1.870000005,1.870000005,0,0,0,1.870000005,0,0,0,120
9282,2132,1193,6.260000229,6.260000229,0,2.089999914,1.039999962,3.130000114,0,30,26,191
8905,1976,1313,7.130000114,7.130000114,0,5.599999905,0.189999998,1.340000033,0,41,4,82
6829,1909,1261,4.510000229,4.510000229,0,0.360000014,2.390000105,1.769999981,0,7,54,118
4562,1813,1299,3.039999962,3.039999962,0,1.179999948,0.49000001,1.370000005,0,19,14,108
10232,2008,1286,8.180000305,8.180000305,0,6.239999771,0.230000004,1.700000048,0,45,5,104
2718,1580,1393,1.799999952,1.799999952,0,0.670000017,0.779999971,0.340000004,0,11,16,20
6260,1854,1257,4.260000229,4.260000229,0,1.289999962,0.540000021,2.400000095,0,16,14,136
0,0,1440,0,0,0,0,0,0,0,0,0,0
7626,3635,723,6.050000191,6.050000191,2.253081083,0.829999983,0.709999979,4.5,0,65,15,156
12386,4079,680,9.819999695,9.819999695,2.092147112,4.960000038,0.649999976,4.210000038,0,116,14,169
13318,4163,699,10.56000042,10.56000042,2.253081083,5.619999886,1.029999971,3.910000086,0,123,21,174
14461,3666,729,11.47000027,11.47000027,0,4.909999847,1.149999976,5.409999847,0,60,23,190
11207,3363,563,8.890000343,8.890000343,0,5.369999886,1.070000052,2.440000057,0,64,21,142
2132,2572,599,1.690000057,1.690000057,0,0,0,1.690000057,0,0,0,93
13630,4157,720,10.81000042,10.81000042,2.092147112,5.050000191,0.560000002,5.199999809,0,117,10,174
13070,4092,737,10.35999966,10.35999966,2.253081083,5.300000191,0.879999995,4.179999828,0,120,19,154
9388,3787,763,7.440000057,7.440000057,2.092147112,2.230000019,0.439999998,4.78000021,0,82,8,169
15148,4236,677,12.01000023,12.01000023,2.253081083,6.900000095,0.819999993,4.289999962,0,137,16,145
12200,4044,769,9.670000076,9.670000076,2.092147112,4.909999847,0.589999974,4.179999828,0,113,12,159
5709,2908,740,4.53000021,4.53000021,0,1.519999981,0.519999981,2.480000019,0,19,10,136
3703,2741,734,2.940000057,2.940000057,0,0,0,2.940000057,0,0,0,135
12405,4005,692,9.840000153,9.840000153,2.092147112,5.050000191,0.870000005,3.920000076,0,117,16,141
16208,3763,593,12.85000038,12.85000038,0,7.510000229,0.920000017,4.420000076,0,90,18,161
7359,3061,676,5.840000153,5.840000153,0,0.330000013,0.180000007,5.329999924,0,4,4,192
5417,2884,711,4.300000191,4.300000191,0,0.899999976,0.49000001,2.910000086,0,11,10,139
6175,2982,767,4.900000095,4.900000095,0,0.25,0.360000014,4.269999981,0,3,7,172
2946,2660,780,2.339999914,2.339999914,0,0,0,2.339999914,0,0,0,121
11419,3369,669,9.06000042,9.06000042,0,6.03000021,0.560000002,2.470000029,0,71,10,127
6064,3491,802,4.809999943,4.809999943,2.092147112,0.629999995,0.170000002,4.010000229,0,63,4,142
8712,3784,822,6.909999847,6.909999847,2.253081083,1.340000033,1.059999943,4.5,0,71,20,195
7875,3110,680,6.239999771,6.239999771,0,1.559999943,0.49000001,4.199999809,0,19,10,167
8567,3783,764,6.789999962,6.789999962,2.253081083,0.889999986,0.159999996,5.739999771,0,66,3,214
7045,3644,831,5.590000153,5.590000153,2.092147112,1.549999952,0.25,3.779999971,0,74,5,166
4468,2799,851,3.539999962,3.539999962,0,0,0,3.539999962,0,0,0,158
2943,2685,621,2.329999924,2.329999924,0,0,0,2.329999924,0,0,0,139
8382,3721,772,6.650000095,6.650000095,2.092147112,1.269999981,0.660000026,4.71999979,0,71,13,171
6582,3586,840,5.21999979,5.21999979,2.253081083,0.660000026,0.639999986,3.920000076,0,63,13,152
9143,3788,763,7.25,7.25,2.092147112,1.389999986,0.589999974,5.269999981,0,72,10,184
4561,1976,433,3.619999886,3.619999886,0,0.649999976,0.270000011,2.690000057,0,8,6,102
5014,2650,1237,3.910000086,3.910000086,0,0,0.330000013,3.579999924,0,0,7,196
5571,2654,1252,4.349999905,4.349999905,0,0.150000006,0.970000029,3.230000019,0,2,23,163
3135,2443,1306,2.450000048,2.450000048,0,0,0,2.430000067,0,0,0,134
3430,2505,1375,2.680000067,2.680000067,0,0,0,0.899999976,0,0,0,65
5319,2693,1440,4.150000095,4.150000095,0,0,0,0,0,0,0,0
3008,2439,1440,2.349999905,2.349999905,0,0,0,0,0,0,0,0
3864,2536,1309,3.00999999,3.00999999,0,0.310000002,1.059999943,1.350000024,0,4,22,105
5697,2668,1257,4.440000057,4.440000057,0,0.529999971,0.479999989,3.440000057,0,7,10,166
5273,2647,1246,4.110000134,4.110000134,0,0,1.039999962,3.069999933,0,0,27,167
8538,2883,1229,6.659999847,6.659999847,0,2.630000114,1.019999981,3.00999999,0,35,18,158
8687,2944,1170,6.78000021,6.78000021,0,0.289999992,2.410000086,4.079999924,0,4,54,212
9423,3012,1151,7.349999905,7.349999905,0,0.529999971,2.029999971,4.75,0,7,44,238
8286,2889,1188,6.460000038,6.460000038,0,0.150000006,2.049999952,4.269999981,0,2,44,206
4503,2547,1294,3.50999999,3.50999999,0,1.470000029,0.239999995,1.809999943,0,18,6,122
10499,3093,1134,8.18999958,8.18999958,0,0.07,4.21999979,3.890000105,0,1,91,214
12474,3142,1229,9.729999542,9.729999542,0,6.599999905,0.270000011,2.869999886,0,77,5,129
6174,2757,1209,4.820000172,4.820000172,0,0,1.200000048,3.609999895,0,0,28,203
15168,3513,1069,11.82999992,11.82999992,0,3.900000095,3,4.920000076,0,46,67,258
10085,3164,1093,7.869999886,7.869999886,0,0.150000006,1.279999971,6.429999828,0,2,28,317
4512,2596,1311,3.519999981,3.519999981,0,0.779999971,0.119999997,2.039999962,0,10,2,117
8469,2894,1440,6.610000134,6.610000134,0,0,0,0,0,0,0,0
12015,3212,1440,9.369999886,9.369999886,0,0,0,0,0,0,0,0
3588,2516,1440,2.799999952,2.799999952,0,0,0,0,0,0,0,0
12427,3266,1370,9.68999958,9.68999958,0,0,0,1.179999948,0,0,0,70
5843,2683,1250,4.559999943,4.559999943,0,0.140000001,1.190000057,3.230000019,0,2,22,166
6117,2810,1190,4.769999981,4.769999981,0,0,0,4.769999981,0,0,0,250
9217,2940,1183,7.190000057,7.190000057,0,0.219999999,3.309999943,3.660000086,0,3,72,182
9877,2947,1260,7.699999809,7.699999809,0,5.760000229,0.170000002,1.730000019,0,66,4,110
8240,2846,1226,6.429999828,6.429999828,0,0.689999998,2.00999999,3.720000029,0,9,43,162
8701,2804,1106,6.789999962,6.789999962,0,0.370000005,3.24000001,3.170000076,0,5,71,177
0,0,1440,0,0,0,0,0,0,0,0,0,0
2564,2044,831,1.639999986,1.639999986,0,0,0,1.639999986,0,0,0,116
1320,1934,806,0.839999974,0.839999974,0,0,0,0.839999974,0,0,0,82
1219,1963,853,0.779999971,0.779999971,0,0,0,0.779999971,0,0,0,84
2483,2009,937,1.590000033,1.590000033,0,0,0,1.590000033,0,0,0,126
244,1721,1428,0.159999996,0.159999996,0,0,0,0.159999996,0,0,0,12
0,1688,1440,0,0,0,0,0,0,0,0,0,0
0,1688,1440,0,0,0,0,0,0,0,0,0,0
0,1688,1440,0,0,0,0,0,0,0,0,0,0
3147,2188,744,2.00999999,2.00999999,0,0,0.280000001,1.74000001,0,0,10,139
144,1720,1431,0.090000004,0.090000004,0,0,0,0.090000004,0,0,0,9
4068,2419,817,2.599999905,2.599999905,0,0.050000001,0.280000001,2.269999981,0,1,20,195
5245,2748,795,3.359999895,3.359999895,0,0.159999996,0.439999998,2.75,0,8,45,232
400,1799,1410,0.25999999,0.25999999,0,0.039999999,0.050000001,0.159999996,0,3,8,19
0,1688,1440,0,0,0,0,0,0,0,0,0,0
1321,1928,1360,0.850000024,0.850000024,0,0,0,0.850000024,0,0,0,80
1758,2067,900,1.129999995,1.129999995,0,0,0,1.129999995,0,0,0,112
6157,2780,714,3.940000057,3.940000057,0,0,0,3.940000057,0,0,0,310
8360,3101,634,5.349999905,5.349999905,0,0.140000001,0.280000001,4.929999828,0,6,14,380
7174,2896,749,4.590000153,4.590000153,0,0.330000013,0.360000014,3.910000086,0,10,20,301
1619,1962,834,1.039999962,1.039999962,0,0,0,1.039999962,0,0,0,79
1831,2015,916,1.169999957,1.169999957,0,0,0,1.169999957,0,0,0,101
2421,2297,739,1.549999952,1.549999952,0,0,0,1.549999952,0,0,0,156
2283,2067,848,1.460000038,1.460000038,0,0,0,1.460000038,0,0,0,129
0,1688,1440,0,0,0,0,0,0,0,0,0,0
0,1688,1440,0,0,0,0,0,0,0,0,0,0
0,1688,1440,0,0,0,0,0,0,0,0,0,0
0,1688,1440,0,0,0,0,0,0,0,0,0,0
0,1688,1440,0,0,0,0,0,0,0,0,0,0
0,57,48,0,0,0,0,0,0,0,0,0,0
23186,3921,1036,20.39999962,20.39999962,0,12.22000027,0.340000004,7.820000172,0,85,7,312
15337,3566,1098,9.579999924,9.579999924,0,3.549999952,0.379999995,5.639999866,0,108,18,216
21129,3793,1061,18.97999954,18.97999954,0,10.55000019,0.589999974,7.75,0.02,68,13,298
13422,3934,1052,7.170000076,7.170000076,0,0.050000001,0.050000001,7.010000229,0.01,106,1,281
29326,4547,888,25.29000092,25.29000092,0,13.23999977,1.210000038,10.71000004,0,94,29,429
15118,3545,1060,8.869999886,8.869999886,0,0,0.07,8.789999962,0,58,15,307
11423,2761,1215,8.670000076,8.670000076,0,2.440000057,0.270000011,5.940000057,0,29,5,191
18785,3676,1131,17.39999962,17.39999962,0,12.14999962,0.180000007,5.03000021,0,82,13,214
19948,3679,1123,18.11000061,18.11000061,0,11.02000046,0.689999998,6.340000153,0,73,19,225
19377,3659,1119,17.62000084,17.62000084,0,12.28999996,0.419999987,4.889999866,0,82,13,226
18258,3427,1141,16.30999947,16.30999947,0,10.22999954,0.029999999,5.96999979,0.050000001,61,2,236
11200,3891,1032,7.429999828,7.429999828,0,0,0,7.400000095,0.01,102,6,300
16674,3455,1148,15.73999977,15.73999977,0,11.01000023,0.01,4.690000057,0,64,1,227
12986,3802,1101,8.739999771,8.739999771,0,2.369999886,0.07,6.269999981,0.01,113,8,218
11101,2860,1157,8.430000305,8.430000305,0,1.75999999,0.129999995,6.5,0,22,3,258
23629,3808,1104,20.64999962,20.64999962,0,13.06999969,0.439999998,7.099999905,0,93,8,235
14890,3060,1143,11.30000019,11.30000019,0,4.929999828,0.379999995,5.96999979,0,58,8,231
9733,2698,1207,7.389999866,7.389999866,0,1.379999995,0.170000002,5.789999962,0,18,5,210
27745,4398,1089,26.71999931,26.71999931,0,21.65999985,0.079999998,4.929999828,0,124,4,223
10930,2786,1226,8.319999695,8.319999695,0,3.130000114,0.569999993,4.570000172,0,36,12,166
4790,2189,1335,3.640000105,3.640000105,0,0,0,3.559999943,0,0,0,105
10818,2817,1189,8.210000038,8.210000038,0,1.389999986,0.100000001,6.670000076,0.01,19,3,229
18193,3477,1154,16.29999924,16.29999924,0,10.42000008,0.310000002,5.53000021,0,66,8,212
14055,3052,1170,10.67000008,10.67000008,0,5.460000038,0.819999993,4.369999886,0,67,15,188
21727,4015,1095,19.34000015,19.34000015,0,12.78999996,0.289999992,6.159999847,0,96,17,232
12332,4142,1036,8.130000114,8.130000114,0,0.079999998,0.959999979,6.989999771,0,105,28,271
10686,2847,1174,8.109999657,8.109999657,0,1.080000043,0.200000003,6.800000191,0,17,4,245
20226,3710,1131,18.25,18.25,0,11.10000038,0.800000012,6.239999771,0.050000001,73,19,217
10733,2832,1187,8.149999619,8.149999619,0,1.350000024,0.460000008,6.28000021,0,18,11,224
21420,3832,1127,19.55999947,19.55999947,0,13.22000027,0.409999996,5.889999866,0,88,12,213
8064,1849,770,6.119999886,6.119999886,0,1.820000052,0.039999999,4.25,0,23,1,137
